"minlon","minlat","maxlon","maxlat"
-128.0586197,52.98755801,-124.8702002,54.95967056
